{"cameraMode":{"drawMode":0,"name":"Shaded","section":"Shading Mode"},"sceneLighting":true,"audioPlay":false,"sceneViewState":{"showFog":false,"showMaterialUpdate":false,"showSkybox":false,"showFlares":false,"showImageEffects":false,"showParticleSystems":false},"in2DMode":false,"pivot":{"x":-2.2866086959838869,"y":1.3252383470535279,"z":3.4541234970092775},"rotation":{"x":0.2384921908378601,"y":0.2861597537994385,"z":-0.07377272099256516,"w":0.9250923991203308},"size":5.537925720214844,"orthographic":false}