{"cameraMode":{"drawMode":0,"name":"Shaded","section":"Shading Mode"},"sceneLighting":true,"audioPlay":false,"sceneViewState":{"showFog":true,"showMaterialUpdate":false,"showSkybox":true,"showFlares":true,"showImageEffects":true,"showParticleSystems":true},"in2DMode":false,"pivot":{"x":-3.9519128799438478,"y":0.5054894685745239,"z":2.7465221881866457},"rotation":{"x":-0.20889081060886384,"y":-0.24997244775295258,"z":0.05532231554389,"w":-0.9438352584838867},"size":2.980839252471924,"orthographic":false}