{"cameraMode":{"drawMode":0,"name":"Shaded","section":"Shading Mode"},"sceneLighting":false,"audioPlay":false,"sceneViewState":{"showFog":true,"showMaterialUpdate":false,"showSkybox":false,"showFlares":true,"showImageEffects":true,"showParticleSystems":true},"in2DMode":false,"pivot":{"x":-1.0286785364151,"y":-0.0958641767501831,"z":2.1784870624542238},"rotation":{"x":-0.09162920713424683,"y":-0.07069563120603562,"z":0.004748927894979715,"w":-0.993882417678833},"size":5.456846237182617,"orthographic":false}