{"cameraMode":{"drawMode":0,"name":"Shaded","section":"Shading Mode"},"sceneLighting":true,"audioPlay":false,"sceneViewState":{"showFog":false,"showMaterialUpdate":false,"showSkybox":false,"showFlares":false,"showImageEffects":false,"showParticleSystems":false},"in2DMode":false,"pivot":{"x":-1.1168838739395142,"y":1.2292981147766114,"z":0.6634863018989563},"rotation":{"x":-0.011089401319622994,"y":0.9884271621704102,"z":-0.08950440585613251,"w":-0.12220259010791779},"size":0.8738119602203369,"orthographic":false}