{"cameraMode":{"drawMode":0,"name":"Shaded","section":"Shading Mode"},"sceneLighting":true,"audioPlay":false,"sceneViewState":{"showFog":false,"showMaterialUpdate":false,"showSkybox":false,"showFlares":false,"showImageEffects":false,"showParticleSystems":false},"in2DMode":false,"pivot":{"x":-2.946337938308716,"y":1.1214593648910523,"z":1.8042954206466675},"rotation":{"x":-0.0337139293551445,"y":0.7692673206329346,"z":-0.040618255734443668,"w":-0.6368449926376343},"size":0.7881485819816589,"orthographic":false}