{"cameraMode":{"drawMode":0,"name":"Shaded","section":"Shading Mode"},"sceneLighting":false,"audioPlay":false,"sceneViewState":{"showFog":false,"showMaterialUpdate":false,"showSkybox":false,"showFlares":false,"showImageEffects":false,"showParticleSystems":false},"in2DMode":false,"pivot":{"x":313.5716857910156,"y":386.1937255859375,"z":369.2575988769531},"rotation":{"x":0.021282965317368509,"y":-0.048608679324388507,"z":0.0010573974577710033,"w":0.9986222982406616},"size":1183.9561767578125,"orthographic":false}