{"cameraMode":{"drawMode":0,"name":"Shaded","section":"Shading Mode"},"sceneLighting":true,"audioPlay":false,"sceneViewState":{"showFog":false,"showMaterialUpdate":false,"showSkybox":false,"showFlares":false,"showImageEffects":false,"showParticleSystems":false},"in2DMode":false,"pivot":{"x":-1.8895020484924317,"y":1.5043466091156006,"z":0.4546109437942505},"rotation":{"x":0.09339588135480881,"y":-0.33487653732299807,"z":0.03329151123762131,"w":0.937103271484375},"size":2.5079939365386965,"orthographic":false}