{"cameraMode":{"drawMode":0,"name":"Shaded","section":"Shading Mode"},"sceneLighting":true,"audioPlay":false,"sceneViewState":{"showFog":false,"showMaterialUpdate":false,"showSkybox":false,"showFlares":false,"showImageEffects":false,"showParticleSystems":false},"in2DMode":false,"pivot":{"x":-2.986684560775757,"y":0.33320164680480959,"z":1.0775926113128663},"rotation":{"x":-0.20656412839889527,"y":0.3652190566062927,"z":-0.0835506021976471,"w":-0.9039369821548462},"size":5.314561367034912,"orthographic":false}