{"cameraMode":{"drawMode":0,"name":"Shaded","section":"Shading Mode"},"sceneLighting":true,"audioPlay":false,"sceneViewState":{"showFog":false,"showMaterialUpdate":false,"showSkybox":false,"showFlares":false,"showImageEffects":false,"showParticleSystems":false},"in2DMode":false,"pivot":{"x":2.050816535949707,"y":-1.4609308242797852,"z":5.885524272918701},"rotation":{"x":0.22845067083835603,"y":0.37401214241981509,"z":-0.09551524370908737,"w":0.8938668966293335},"size":8.694560050964356,"orthographic":false}