{"cameraMode":{"drawMode":0,"name":"Shaded","section":"Shading Mode"},"sceneLighting":true,"audioPlay":false,"sceneViewState":{"showFog":false,"showMaterialUpdate":false,"showSkybox":false,"showFlares":false,"showImageEffects":false,"showParticleSystems":false},"in2DMode":false,"pivot":{"x":0.512754499912262,"y":3.329239845275879,"z":2.901435136795044},"rotation":{"x":0.06475688517093659,"y":-0.01646462455391884,"z":-0.0011455249041318894,"w":-0.9978340268135071},"size":5.314561367034912,"orthographic":false}