{"cameraMode":{"drawMode":0,"name":"Shaded","section":"Shading Mode"},"sceneLighting":true,"audioPlay":false,"sceneViewState":{"showFog":false,"showMaterialUpdate":false,"showSkybox":false,"showFlares":false,"showImageEffects":false,"showParticleSystems":false},"in2DMode":false,"pivot":{"x":-6.090336799621582,"y":-1.8817358016967774,"z":1.4483383893966675},"rotation":{"x":0.15806934237480164,"y":-0.6735799908638,"z":0.15076301991939546,"w":0.7062368988990784},"size":8.694560050964356,"orthographic":false}