{"cameraMode":{"drawMode":0,"name":"Shaded","section":"Shading Mode"},"sceneLighting":true,"audioPlay":false,"sceneViewState":{"showFog":false,"showMaterialUpdate":false,"showSkybox":false,"showFlares":false,"showImageEffects":false,"showParticleSystems":false},"in2DMode":false,"pivot":{"x":-2.9038305282592775,"y":0.5546047687530518,"z":1.4971524477005005},"rotation":{"x":-0.07118170708417893,"y":-0.9300262928009033,"z":0.25237804651260378,"w":-0.25933659076690676},"size":2.25612735748291,"orthographic":false}